"ProjectID","Title","Notes","Internal","Sensitive","Started","Ended"
"1","Mega Widgets","A massive widget project to build the biggest ever widget ever seen","1","0","2005-02-01","2007-03-11"
"2","World Domination","The ongoing project to achieve utter and complete world domination","1","1","2010-01-01",NULL
"3","Widgets for All","Global widget project for customer","0","0","2012-11-14",NULL
"4","Blue Widget","Blue widget project","1","0","2013-01-18","2013-01-30"
"5","Project Octopus","Project Octopus.

Super-secret for external customer who shall not be named.","0","1","2009-04-07",NULL
"6","Green Widgets","Can we build green widgets?","1","0","2010-04-17",NULL
